Last Offer: Initiate Background Check,Person : System ID,Person : First Name,Person : Last Name,Person : Middle Name,Requisition : Job Code,Cost Center` (Required for Hire) : External ID (Record Identifier),Org Data/Location : External ID (Record Identifier),Hiring Manager : Last Name,Hiring Manager : First Name,Hiring Manager : External ID,Hiring Manager : Email,Person : GSN
7/22/2019 9:17:54 AM,206874,Albiaal,Wright,,60019293,D-0010311003,New Jersey - Avenel,Davila,Raoul,02055119,RAOUL.DAVILA@KDRP.COM,
7/22/2019 9:18:07 AM,181808,LAUREN,JACOBSEN,,60011339,D-0221120040,Texas - Plano,Stephenson,Kelly,02065398,KELLY.STEPHENSON@KDRP.COM,
7/22/2019 9:26:35 AM,210875,Connor,Strachan,,60019983,D-0300400105,Texas - Plano,Bauer,Lindsey,02044073,LINDSEY.BAUER@KDRP.COM,
7/22/2019 10:09:11 AM,122166,EMILY,BRINSON,,60012904,D-0210100103,Texas - Plano,Garza,Nadia,02071410,NADIA.GARZA@KDRP.COM,
7/22/2019 10:20:53 AM,181312,Lisa,Washington-Watts,,60021624,D-0300240105,Texas - Plano,Bennett,Kimberly,02083159,KIM.BENNETT@KDRP.COM,
7/22/2019 10:24:58 AM,211631,Keith,Ampy,,60020161,D-0010032002,Michigan - Flint,Spade,Wade,02083915,WADE.SPADE@KDRP.COM,
7/22/2019 11:47:30 AM,219357,CARLISLE,BONILLO,,60019140,D-0010008011,Wisconsin - Racine,Sherman,Scott,02025308,SCOTT.SHERMAN@KDRP.COM,
7/22/2019 11:48:10 AM,222069,STEVE,GARCIA,,60022062,D-0010283003,Idaho - Boise,Ramsey,Jarred,02070797,JARRED.RAMSEY@KDRP.COM,
7/22/2019 1:16:26 PM,96228,Marc,Erricolo,,60000577,D-PL64634,Massachusetts - Boston,Utke,Michael,02006919,MICHAEL.UTKE@KDRP.COM,
7/22/2019 1:31:02 PM,214841,Ramon,Patterson,,60019232,D-0010007003,Wisconsin - Windsor,Brown,Nicholas,02030232,NICHOLAS.BROWN1@KDRP.COM,
7/22/2019 1:38:23 PM,107572,Octavius,Careathers,,60020161,D-0010141002,Tennessee - Chattanooga,Munger,David,02055596,DAVID.MUNGER@KDRP.COM,
7/22/2019 1:51:56 PM,128721,Edwin,Cabrera,,60020161,D-0010165002,Florida - Orlando,Candelaria,Agustin,02053999,AGUSTIN.CANDELARIA@KDRP.COM,
7/22/2019 2:01:23 PM,203322,Terrance,Mosby,,60020161,D-0010002002,Illinois - Harvey,Thompson,Dale,02029588,DALE.THOMPSON@KDRP.COM,
7/22/2019 2:06:23 PM,202367,Austin,ATabor,,60019294,D-0210680003,California - Victorville,Biggs,Johnathan,02051591,JOHNATHAN.BIGGS@KDRP.COM,
7/22/2019 2:12:33 PM,64510,Ricardo,Estrada,,60019294,D-0210680003,California - Victorville,Lopez,Benito,02084030,BENITO.LOPEZ@KDRP.COM,
7/22/2019 2:15:29 PM,220666,Philip,Macias,,60019141,D-0010221002,Texas - Houston,Harrell Jr,Aaron,02032258,AARON.HARRELLJR@KDRP.COM,
7/22/2019 2:16:37 PM,209204,Erick,Tackett,,60019246,D-0010061002,Kentucky - Prestonsburg,Boggs,John,02055141,john.boggs@kdrp.com,
7/22/2019 2:39:46 PM,224221,Kevin,McCaleb,,60019142,D-0010204002,Texas - Corsicana,Betz,Randall,02035158,RANDALL.BETZ@KDRP.COM,
7/22/2019 3:00:23 PM,183130,BETTY,JENSEN,,60011710,D-0300400230,Texas - Plano,Wade,Travis,02064404,TRAVIS.WADE@KDRP.COM,
7/22/2019 3:01:42 PM,216642,Guadalupe,Davalos,,60019216,D-0210220023,California - Victorville,Soliman,Martha,02079467,MARTHA.SOLIMAN@KDRP.COM,
7/22/2019 3:04:17 PM,213665,Tyson,Fuller,,60019140,D-0010250011,California - San Rafael,Cheda,Timothy,02030938,TIM.CHEDA@KDRP.COM,
7/22/2019 3:11:41 PM,220882,Jeremy,Rodgers,,60019140,D-0010175011,Georgia - Marietta,Garidas,Ioannis,02052707,ioannis.garidas@kdrp.com,
7/22/2019 3:24:16 PM,209055,MICHAEL,CILEK,,60021917,D-PL64888,South Carolina - Charleston,Jenkins,Charles,02089448,GRIFFINJENKINS@KDRP.COM,
7/22/2019 3:29:44 PM,212914,Vincent,Montoya,,60019140,D-0010235011,10A7,Martinez,Gilbert,02035315,GILBERT.MARTINEZ@KDRP.COM,
7/22/2019 3:46:13 PM,114356,RODRIGO,GURDIAN,,60011978,D-PL64670,North Carolina - Charlotte,Menendez,Guillermo,02053413,GUILLERMO.MENENDEZ@KDRP.COM,
7/22/2019 3:48:55 PM,209572,Charles,Barnett,,60019246,D-0010174002,Georgia - Norcross,Wright Jr,Michael,02063697,MICHAEL.WRIGHTJR@KDRP.COM,
7/22/2019 3:57:34 PM,219893,Dewone,Marshall,,60022062,D-0010221403,Texas - Houston,Jackson,Michael,02068666,MICHAEL.JACKSON3@KDRP.COM,
7/22/2019 4:01:00 PM,214671,Richard,Stafford,,60019140,D-0010205011,Texas - Waco,Marek,Larry,02031780,LARRY.MAREK@KDRP.COM,
7/22/2019 4:10:32 PM,223511,Joseph,Gordon,,60019140,D-0010260011,Colorado - Centennial,Ramos,Anthony,02036172,ANTHONY.RAMOS@KDRP.COM,
7/22/2019 4:25:41 PM,202220,Javon,Merchant,,60022062,D-0010221403,Texas - Houston,Jackson,Michael,02068666,MICHAEL.JACKSON3@KDRP.COM,
7/22/2019 4:30:56 PM,162440,Anthrice,Cannon,,60022062,D-0010016003,Indiana - Indianapolis,Lemaster,Krista,02044291,KRISTA.LEMASTER@KDRP.COM,
7/22/2019 4:39:52 PM,212443,TADHG,FITZPATRICK,,60019140,D-0010094011,Wisconsin - Superior,Steele,Steven,02026961,STEVEN.STEELE@KDRP.COM,
7/22/2019 4:57:29 PM,222852,Alex,Collazo,,60022062,D-0010201403,Texas - Irving,Paleo,Frank,02037810,FRANK.PALEO@KDRP.COM,
7/22/2019 5:03:56 PM,207783,Thomas,Ginger,,60019206,D-SL42501,Missouri - St. Louis,Jones,Andre,02078758,ANDRE.JONES@KDRP.COM,
7/22/2019 5:13:33 PM,99501,Micheal,Glover,,60022062,D-0010201403,Texas - Irving,Paleo,Frank,02037810,FRANK.PALEO@KDRP.COM,
7/22/2019 5:50:31 PM,227109,Eric,Greaves,,60019332,D-0010094003,Wisconsin - Superior,Dahl,Joel,02047037,JOEL.DAHL@KDRP.COM,
7/23/2019 6:47:13 AM,177968,Kyle,Gibb,,60011576,D-0010069001,10AN,Biswas,Golam,02017561,GOLAM.BISWAS@KDRP.COM,
7/23/2019 6:53:49 AM,160294,TEMBA,MUJURU,,60019739,D-0300410100,Texas - Plano,Taylor,Joshua,02074358,JOSHUA.TAYLOR@KDRP.COM,
7/23/2019 9:44:03 AM,212913,Matthew,Roberson,,60021917,D-0300430400,Virginia,Garrison,James,02097414,JAMES.GARRISON@KDRP.COM,
7/23/2019 10:37:26 AM,122941,Paola,Vazquez,,60019216,D-0210220023,California - Victorville,Soliman,Martha,02079467,MARTHA.SOLIMAN@KDRP.COM,
7/23/2019 10:41:02 AM,198142,Joseph,DiBianca,,60019154,D-0010311001,New Jersey - Avenel,Guardado,Mario,02007480,MARIO.GUARDADO@KDRP.COM,
7/23/2019 11:35:05 AM,221594,Kendry,Jernighan,,60019246,D-0010136002,Tennessee - Nashville,Stewart,Christopher,02073208,CHRISTOPHER.STEWART2@KDRP.COM,
7/23/2019 11:51:09 AM,213769,Estevan,Garza,,60019140,D-0010250011,California - Napa,Barnes,John,02061820,ANTHONY.BARNES@KDRP.COM,
7/23/2019 12:02:21 PM,205589,Andreas,Dolleschal,,60019140,D-0010247011,California - San Diego,Delgado,Erika,02035611,ERIKA.DELGADO1@KDRP.COM,
7/23/2019 12:16:10 PM,217785,David,White,,60019322,D-0010099003,Kansas - Lenexa,Langdon,Michael,02028961,MIKE.LANGDON@KDRP.COM,
7/23/2019 1:42:05 PM,159230,Marsha,Chandler,,60019140,D-0010207011,Arkansas - Texarkana,Butler,Tony,02094166,TONY.BUTLER@KDRP.COM,
7/23/2019 2:02:01 PM,193108,Lucas,Starnes,,60011343,D-0300400125,Texas - Plano,Shempp,Katie,02081938,KATIE.SHEMPP@KDRP.COM,
7/23/2019 2:10:37 PM,215652,Mardoche,Innocent,,60019332,D-0010172003,Florida - Fort Myers,Casabo,Brian,02073535,BRIAN.CASABO@KDRP.COM,
7/23/2019 2:16:00 PM,180781,Shaun,Johnson,,60019140,D-0010130011,Kentucky - Louisville,White,Fred,02082667,FRED.WHITE@KDRP.COM,
7/23/2019 2:23:14 PM,226440,Justin,Muthart,,60019140,D-0010230011,Texas - Austin,Von Rosenberg,Charles,02096283,CHARLES.VONROSENBERG@KDRP.COM,
7/23/2019 2:29:48 PM,84498,Dylan,Materni,,60019140,D-0010260011,Colorado - Evergreen,Clever,Andra,02094221,ANDRA.CLEVER@KDRP.COM,
7/23/2019 2:29:57 PM,221326,Joshua,Moer,,60019140,D-0010030011,,Donoghue,Christopher,02082779,CHRISTOPHER.DONOGHUE@KDRP.COM,
7/23/2019 2:47:32 PM,213466,cody,white,,60019140,D-0010134011,Kentucky - London,Couch,Alfred,02055546,ALFRED.COUCH@KDRP.COM,
7/23/2019 2:54:57 PM,219417,Terrell,Sanders,,60022062,D-0010007003,Wisconsin - Windsor,Brown,Nicholas,02030232,NICHOLAS.BROWN1@KDRP.COM,
7/23/2019 3:05:09 PM,210006,Steven,Grubb,,60019140,D-0010134011,Kentucky - London,Couch,Alfred,02055546,ALFRED.COUCH@KDRP.COM,
7/23/2019 3:15:54 PM,214015,Mike,Mahan,,60019140,D-0010260011,Colorado - Colorado Springs,Engel,Brokton,02036290,BROKTON.ENGEL@KDRP.COM,
7/23/2019 3:26:05 PM,224626,Tommy,Moua,,60019140,D-0010242011,California - Madera,Arevalo Jr,Juan,02033847,JUAN.AREVALO@KDRP.COM,
7/23/2019 3:29:54 PM,182554,Troy,Silva,,60019723,D-0019913001,California - Sacramento,Gonzales,Kimberly,02031236,KIMBERLY.GONZALES@KDRP.COM,
7/23/2019 3:31:38 PM,194760,isaac,Hernandez,,60019237,D-0010221001,Texas - League City,Davis,Joseph,02054377,JOSEPH.DAVIS2@KDRP.COM,
7/23/2019 3:34:12 PM,217355,EMMANUEL,STOVALL,,60019140,D-0010093011,Minnesota - South St. Paul,Anderson,Rick,02028238,RICK.ANDERSON@KDRP.COM,
7/23/2019 3:37:26 PM,220057,shamari,mceachron,,60020161,D-0010168002,Florida - Lakeland,Lehman,Anthony,02046696,TONY.LEHMAN@KDRP.COM,
7/23/2019 4:03:45 PM,221389,Scottie,Rothwell,,60019140,D-0010099011,Missouri - Grandview,Phipps,Charles,02053446,CHARLES.PHIPPS@KDRP.COM,
7/23/2019 4:20:54 PM,222207,Cameron,Williams,,60019140,D-0010033011,,Holman,Kevin,02029814,KEVIN.HOLMAN@KDRP.COM,
7/23/2019 4:20:57 PM,216997,David,Meggison,,60019636,D-0010167002,Florida - Sarasota,Arfaras,Shaun,02055800,SHAUN.ARFARAS@KDRP.COM,
7/23/2019 4:21:51 PM,214561,Justin,Malcom,,60021048,D-0010080002,Iowa - Des Moines,Snyder,Lukas,02096062,LUKAS.SNYDER@KDRP.COM,
7/23/2019 4:32:11 PM,212870,zachariah,rogers,,60019322,D-0010062002,West Virginia - Fairmont,Austin,Jason,02057435,JASON.AUSTIN@KDRP.COM,
7/23/2019 4:47:32 PM,177966,Darnell,Gooch,,60019144,D-0010201202,Texas - Irving,Jennings,Steven,02035646,STEVE.JENNINGS@KDRP.COM,
7/23/2019 4:49:59 PM,227732,Elias,Martinez,,60019140,D-0010231011,Texas - Corpus Christi,Arroyo,Steven,02082819,STEVEN.ARROYO@KDRP.COM,
7/23/2019 5:18:48 PM,228334,August,Esposito,,60022062,D-0010001103,Illinois - Northlake,Wilder,David,02049646,DAVID.WILDER@KDRP.COM,
7/23/2019 5:22:54 PM,195827,Johnathon,Henderson,,60019140,D-0010230011,Texas - Austin,Anderson,William,02080145,WILLIAM.ANDERSON@KDRP.COM,
7/23/2019 6:27:53 PM,228383,Reginald,McNeal,,60022062,D-0010001103,Illinois - Northlake,Wilder,David,02049646,DAVID.WILDER@KDRP.COM,
7/23/2019 6:33:52 PM,228367,Elliott,Spahn,,60022062,D-0010001103,Illinois - Northlake,Wilder,David,02049646,DAVID.WILDER@KDRP.COM,
7/24/2019 8:37:50 AM,63064,James,Bumpass,,60021526,D-0210630126,Texas - Plano,Cisneros,Roberto,02052786,ROBERTO.CISNEROS@KDRP.COM,
7/24/2019 9:05:20 AM,106467,Lucas,Vaccaro,,60019307,D-0300290330,Texas - Plano,Bartell,Gregory,02079638,GREGORY.BARTELL@KDRP.COM,
7/24/2019 9:10:20 AM,223405,Dante,Braggs,,60019140,D-0010094011,,Steele,Steven,02026961,STEVEN.STEELE@KDRP.COM,
7/24/2019 9:38:12 AM,96090,Antonio,Mitchell,,60019206,D-0010028029,Illinois - Northlake,Petersma,James,02062903,JAMES.PETERSMA@DPSG.COM,
7/24/2019 10:00:54 AM,215873,Edwardo,Gonzalez,,60019140,D-0010166011,Florida - Deland,Haas,Matthew,02056581,MATTHEW.HAAS@KDRP.COM,
7/24/2019 10:18:37 AM,193539,Greg,Brown,,60019140,D-0010080011,Iowa - Des Moines,Lamb,Mark,02064676,MARK.LAMB@KDRP.COM,
7/24/2019 10:20:17 AM,220656,Chad,Reder,,60019140,D-0010032011,Michigan - Birch Run,Neff,Matthew,02029536,MATTHEW.NEFF@KDRP.COM,
7/24/2019 10:36:24 AM,216960,Christopher,Forte,,60019140,D-0010051011,,Aikens,Matthew,02041299,MATTHEW.AIKENS@KDRP.COM,
7/24/2019 10:47:52 AM,222555,Charles,Woods,,60019140,D-0010051011,,Aikens,Matthew,02041299,MATTHEW.AIKENS@KDRP.COM,
7/24/2019 10:51:27 AM,216299,Jonah,Evans,,60022062,D-0010230003,Texas - Austin,Barber,Barry,02082592,BARRY.BARBER@KDRP.COM,
7/24/2019 10:58:24 AM,202719,Dani,Delgado,,60019294,D-0210680003,California - Victorville,Biggs,Johnathan,02051591,JOHNATHAN.BIGGS@KDRP.COM,
7/24/2019 11:01:46 AM,225165,Matt,Roeder,,60019293,D-0010033003,Michigan - Holland,Blackmore,Dennis,02030135,DENNIS.BLACKMORE@KDRP.COM,
7/24/2019 11:18:04 AM,216651,jody,brooks,,60019140,D-0010260011,Colorado - Englewood,Ramos,Anthony,02036172,ANTHONY.RAMOS@KDRP.COM,
7/24/2019 11:18:47 AM,80204,Carlos,Allman,,60019220,D-0010118003,Iowa - Ottumwa,Krumrey,Daniel,02084706,DANIEL.KRUMREY@KDRP.COM,
7/24/2019 11:24:52 AM,199614,Daniel,Tittl,,60011978,D-PL64376,New York,Egan,Chris,02003986,CHRIS.EGAN@KDRP.COM,
7/24/2019 11:31:10 AM,182086,ahmed,othman,,60021048,D-0010085002,Iowa - Cedar Rapids,Tisor,Shad,02052116,SHAD.TISOR@KDRP.COM,
7/24/2019 11:35:00 AM,200950,Damion,Smith,,60019294,D-0210680003,California - Victorville,Lopez,Benito,02084030,BENITO.LOPEZ@KDRP.COM,
7/24/2019 11:41:02 AM,160885,Matthew,Bernick,,60019293,D-0010033003,Michigan - Holland,Blackmore,Dennis,02030135,DENNIS.BLACKMORE@KDRP.COM,
7/24/2019 11:52:36 AM,201377,Dennis,Traylor,,60022062,D-0010019003,Indiana - South Bend,Campos,Jon,02091558,JON.CAMPOS@KDRP.COM,
7/24/2019 12:11:35 PM,201278,Randy,Arciniega,,60019294,D-0210680003,California - Victorville,Lopez,Benito,02084030,BENITO.LOPEZ@KDRP.COM,
7/24/2019 12:13:05 PM,103557,Dave,Benauro,,60019140,D-0010248011,California - San Fernando,Belko,David,02034943,DAVID.BELKO@KDRP.COM,
7/24/2019 12:29:45 PM,215168,Michael,Cevoli,,60019140,D-0010070011,Pennsylvania - Easton,Guffy,Edward,02068639,EDWARD.GUFFY@KDRP.COM,
7/24/2019 12:38:25 PM,189440,Victor,Yancy,,60019246,D-0010080002,Iowa - Des Moines,Snyder,Lukas,02096062,LUKAS.SNYDER@KDRP.COM,
7/24/2019 1:09:49 PM,187284,Wesley,Hall,,60019220,D-0010158020,Kentucky - Louisville,Osborne,Denise,02044992,DENISE.OSBORNE@KDRP.COM,
7/24/2019 2:03:06 PM,200409,Camille,Madode,,60020161,D-0010162002,Florida - Ocala,Bailor,Aaron,02061674,AARON.BAILOR@KDRP.COM,
7/24/2019 2:20:20 PM,131815,George,Ponce,,60022062,D-0010001103,Illinois - Northlake,Wilder,David,02049646,DAVID.WILDER@KDRP.COM,
7/24/2019 2:35:21 PM,195083,Joshua,Olguin,,60019140,D-0010222011,Texas - Beaumont,Graham,James,02080446,JAMES.GRAHAM2@KDRP.COM,
7/24/2019 2:38:30 PM,228248,Jahlil,Ballard,,60019220,D-0210685003,New Jersey - Avenel,Orozco,Carlos,02071907,CARLOS.OROZCO@KDRP.COM,
7/24/2019 3:14:14 PM,228684,Vincell,Cross,,60020161,D-0010001102,Illinois - Northlake,Duray,Mark,02028530,MARK.DURAY2@KDRP.COM,
7/24/2019 3:16:04 PM,218988,Derek,Parga,,60019140,D-0010088011,Iowa - Davenport,Lafollette,Jeffrey,02026364,JEFF.LAFOLLETTE@KDRP.COM,
7/24/2019 3:17:06 PM,219680,Alex,Meador,,60022062,D-0010063003,West Virginia - Beckley,Rogusky,James,02025470,JAMES.ROGUSKY@KDRP.COM,
7/24/2019 3:23:30 PM,205379,Jaime,Nunez Ortega,,60019237,D-0010166001,,Kaylor,Josh,02054849,JOSH.KAYLOR@KDRP.COM,
7/24/2019 3:26:25 PM,124403,SHARI,BAHNER,,60021889,D-0300280320,Texas - Plano,Barber,Samantha,02096641,SAMANTHA.BARBER@KDRP.COM,
7/24/2019 3:32:07 PM,203385,Thomas,Van Gilder,,60022062,D-0010282003,California - Chico,Jones,Jeffery,02062907,JEFFERY.JONES@KDRP.COM,
7/24/2019 3:32:30 PM,226426,travis,vesely,,60019140,D-0010095011,Minnesota - Owatonna,Amundson,Craig,02027101,CRAIG.AMUNDSON@KDRP.COM,
7/24/2019 3:43:48 PM,226539,Clevester,Jones,,60020161,D-0010001102,Illinois - Northlake,Duray,Mark,02028530,MARK.DURAY2@KDRP.COM,
7/24/2019 3:51:33 PM,218509,NAVARRO,MCLEMORE,,60019246,D-0010174002,Georgia - Norcross,Wright Jr,Michael,02063697,MICHAEL.WRIGHTJR@KDRP.COM,
7/24/2019 3:58:40 PM,227038,ALEX,MWANGI,,60019246,D-0010233002,Texas - San Antonio,Deleon Jr,Francisco,02034596,FRANCISCO.DELEONJR@KDRP.COM,
7/24/2019 4:26:18 PM,220488,eric,windom,,60019246,D-0010017002,Indiana - Fort Wayne,Kleber,Timothy,02029314,TIM.KLEBER@KDRP.COM,
7/24/2019 4:30:11 PM,223843,Jeremy,Kortman,,60019140,D-0010037011,Michigan - Alpena,Toia,Samuel,02029093,SAM.TOIA@KDRP.COM,
7/24/2019 4:33:16 PM,219964,Derrell,Sanderson,,60020161,D-0010033002,Michigan - Holland,Stephens,Timothy,02030679,TIMOTHY.STEPHENS@KDRP.COM,
7/24/2019 4:43:05 PM,221074,Byron,Smith,,60022062,D-0010205003,Texas - Waco,Davis,Urius,02063128,URIUS.DAVIS@KDRP.COM,
7/24/2019 4:52:24 PM,223866,Travis,Reinier,,60019220,D-0010118003,Iowa - Ottumwa,Krumrey,Daniel,02084706,DANIEL.KRUMREY@KDRP.COM,
7/24/2019 4:56:42 PM,224770,Aaron,Davis,,60019140,D-0010230011,Texas - Austin,Von Rosenberg,Charles,02096283,CHARLES.VONROSENBERG@KDRP.COM,
7/24/2019 5:03:11 PM,204480,Augustine,Salazar,,60019237,D-0010235001,10A7,Martinez,Gilbert,02035315,GILBERT.MARTINEZ@KDRP.COM,
7/24/2019 5:03:16 PM,223833,Christopher,Harris,,60022062,D-0010230003,Texas - Austin,Barber,Barry,02082592,BARRY.BARBER@KDRP.COM,
7/24/2019 5:05:22 PM,224227,Eric,Penrod,,60019220,D-0010118003,Iowa - Ottumwa,Krumrey,Daniel,02084706,DANIEL.KRUMREY@KDRP.COM,
7/24/2019 5:16:43 PM,196035,crystal,charles,,60019220,D-0210685003,New Jersey - Avenel,Merritt,Lukas,02056539,LUKAS.MERRITT@KDRP.COM,
7/25/2019 9:04:52 AM,67732,Robert,Leisten,,60019295,D-0010221450,Texas - San Antonio,Carey,Paul,02083386,PAUL.CAREY@KDRP.COM,
7/25/2019 9:28:49 AM,216563,Leslie,Camphouse,,60021764,D-0300350290,Texas - Plano,Thomas,David,02017602,DAVID.THOMAS@KDRP.COM,
7/25/2019 9:28:54 AM,224671,david,goss,,60019142,D-0010209002,Oklahoma - Tulsa,Duggins,Joshua,02037162,JOSHUA.DUGGINS@KDRP.COM,
7/25/2019 10:04:20 AM,224774,LeRoy,Johnson,,60020161,D-0010098002,Wisconsin - Eau Claire,Weber,Michael,02027114,MICHAEL.WEBER@KDRP.COM,
7/25/2019 10:10:36 AM,211452,Marshall,Wirtz,,60019140,D-0010089011,Nebraska - Lincoln,Wiley,Scott,02029485,SCOTT.WILEY@KDRP.COM,
7/25/2019 10:37:16 AM,223435,Shannon,Plummer,,60019140,D-0010057011,Ohio - West Chester Township,Gerrety,Douglas,02028216,DOUGLAS.GERRETY@KDRP.COM,
7/25/2019 10:52:59 AM,217481,Alexander,Young,,60019144,D-0010201202,Texas - Irving,Caban,George,02044450,GEORGE.CABAN@KDRP.COM,
7/25/2019 11:01:44 AM,203727,Joe,Gomez,,60020406,D-0010201450,Texas - Irving,Cornelius,Paul,02086864,PAUL.CORNELIUS@KDRP.COM,
7/25/2019 11:06:44 AM,228049,David,Stephens,,60019246,D-0010053002,Ohio - Midvale,Hillyer,Bruce,02027176,BRUCE.HILLYER@KDRP.COM,
7/25/2019 11:27:56 AM,228992,Keith,DeFranco,,60019337,D-0010029060,Illinois - Northlake,Tobin,Chris,02026890,CHRIS.TOBIN@KDRP.COM,
7/25/2019 11:40:36 AM,221755,rickey,oliver,,60019140,D-0010011011,Illinois - Springfield,Abu-Saba,Jamil,02025530,JAMIL.ABU-SABA@KDRP.COM,
7/25/2019 12:05:09 PM,209891,Robert,Burton,,60019229,D-0010186020,Florida - Jacksonville,Green,Jenny,02056269,JENNY.GREEN@KDRP.COM,
7/25/2019 12:07:33 PM,224414,Megit,Veseli,,60019220,D-0010118003,Iowa - Ottumwa,Krumrey,Daniel,02084706,DANIEL.KRUMREY@KDRP.COM,
7/25/2019 12:16:31 PM,172247,CHRISTOPHER,ADAMS,,60021301,D-0300310075,Texas - Plano,Lingenbrink,Matthew,02085473,MATTHEW.LINGENBRINK@KDRP.COM,
7/25/2019 12:23:11 PM,224424,Michael,Shedd,,60019246,D-0010099002,Kansas - Lenexa,Schmidt,Dean,02046980,DEAN.SCHMIDT@KDRP.COM,
7/25/2019 12:39:24 PM,225546,Adain,Grant,,60019140,D-0010057011,Ohio - Cincinnati,Gerrety,Douglas,02028216,DOUGLAS.GERRETY@KDRP.COM,
7/25/2019 12:46:13 PM,82283,Larry,Santee,,60019140,D-0010221011,Texas - Pearland,Jenkins,Cody,02094792,CODY.JENKINS@KDRP.COM,
7/25/2019 12:49:57 PM,228997,michael,luck,,60019246,D-0010095002,Minnesota - Rochester,Hanson,Samuel,02026828,SAMUEL.HANSON@KDRP.COM,
7/25/2019 1:14:24 PM,223524,Ramon,Reese,,60019140,D-0010260011,Colorado - Centennial,Ramos,Anthony,02036172,ANTHONY.RAMOS@KDRP.COM,
7/25/2019 1:50:31 PM,229325,Charles,Simpson,,60019140,D-0010275011,California - Santa Clara,Martinez,Martha,02096801,MARTHA.MARTINEZ1@KDRP.COM,
7/25/2019 1:57:29 PM,212786,Jawonn,Cooper,,60022062,D-0010221403,Texas - Houston,Deleon,Ann,02067180,ANN.DELEON@KDRP.COM,
7/25/2019 1:57:44 PM,198116,Donkendrick,Green,,60019142,D-0010201702,Texas - Irving,Black,Michael,02086442,MICHAEL.BLACK3@KDRP.COM,
7/25/2019 2:14:46 PM,228824,Cody,Cudo,,60019140,D-0010014011,Wisconsin - LaCrosse,O'Neil,Jeffrey,02025593,JEFF.ONEIL@KDRP.COM,
7/25/2019 2:19:44 PM,227165,Leroy,Foster,,60022062,D-0010205003,Texas - Waco,Davis,Urius,02063128,URIUS.DAVIS@KDRP.COM,
7/25/2019 2:21:12 PM,222448,JERROD,PARK,,60020161,D-0010002002,Illinois - Harvey,Thompson,Dale,02029588,DALE.THOMPSON@KDRP.COM,
7/25/2019 2:29:50 PM,228416,Javon,Barker,,60019332,D-0010051003,Ohio - Twinsburg,Aikens,Timothy,02026867,TIMOTHY.AIKENS@KDRP.COM,
7/25/2019 2:45:33 PM,92853,Alex,Flores Torres,,60019140,D-0010284011,Nevada - Reno,Pruitt,Jason,02060165,JASON.PRUITT@KDRP.COM,
7/25/2019 3:16:43 PM,228217,CODY,FRUTCHEY,,60019140,D-0010280011,Idaho - Coeur d'Alene,Ingraham,Christopher,02062076,CHRISTOPHER.INGRAHAM@KDRP.COM,
7/25/2019 3:24:52 PM,90967,jamaal,walker,,60019246,D-0010138002,Tennessee - Memphis,Anderson,Larry,02070684,LARRY.ANDERSON@KDRP.COM,
7/25/2019 3:33:54 PM,203072,Dennis,Reilly,,60019140,D-0010173011,Florida - Boca Raton,Shapiro,Richard,02046262,RICHARD.SHAPIRO@KDRP.COM,
7/25/2019 3:39:18 PM,197138,Cesar,Quinteros,,60019142,D-0010201702,Texas - Irving,Clark,Eric,02033075,ERIC.CLARK@KDRP.COM,
7/25/2019 4:12:09 PM,212433,Andrey,Castro,,60021048,D-0010231002,Texas - Corpus Christi,Sparks,Paul,02080802,PAUL.SPARKS@KDRP.COM,
7/25/2019 4:12:12 PM,127350,Jorge,Santos,,60019220,D-0210685003,New Jersey - Avenel,Merritt,Lukas,02056539,LUKAS.MERRITT@KDRP.COM,
7/25/2019 4:36:57 PM,224725,Troy,Moore,,60019140,D-0010089011,Nebraska - Omaha,Rydl,David,02029328,DAVID.RYDL@KDRP.COM,
7/25/2019 4:58:10 PM,207660,Greg,Evans,,60021917,D-0300430400,Arizona - Tucson,Moore,Derek,02016570,DEREKMOORE@KDRP.COM,
7/25/2019 5:13:44 PM,205793,Jason,Roberts,,60019237,D-0010201501,Texas - Fort Worth,Ennis,Steven,02032759,STEVEN.ENNIS@KDRP.COM,
7/25/2019 6:09:44 PM,225074,Heather,Stewart,,60019140,D-0010080011,Iowa - Des Moines,Lamb,Mark,02064676,MARK.LAMB@KDRP.COM,
7/25/2019 6:27:46 PM,204098,AUSTIN,BOWEN,,60019140,D-0010064011,West Virginia - Charleston,Garrett Jr,Sammy,02025922,SAMMY.GARRETT@KDRP.COM,
